order_id,customer_id,amount,order_date
ORD10001,C001,1250.50,2026-01-05
ORD10002,C002,899.00,2026-01-05
ORD10003,C003,450.75,2026-01-06
ORD10004,C001,2100.00,2026-01-06
ORD10005,C004,3200.00,2026-01-07
ORD10006,C002,1250.00,2026-01-07
ORD10007,C005,750.25,2026-01-08
ORD10008,C003,1800.00,2026-01-08
ORD10009,C001,950.00,2026-01-09
ORD10010,C004,4200.00,2026-01-09
ORD10011,C002,650.50,2026-01-10
ORD10012,C005,1450.00,2026-01-10
ORD10013,C001,1750.75,2026-01-11
ORD10014,C003,999.00,2026-01-11
ORD10015,C004,2500.00,2026-01-12
ORD10016,C005,1100.00,2026-01-12
ORD10017,C002,2200.00,2026-01-13
ORD10018,C001,850.00,2026-01-13
ORD10019,C003,650.00,2026-01-14
ORD10020,C004,1800.00,2026-01-14
